IP Address,Port,Code,Country,Anonymity,Google,Https,Last Checked
200.73.128.5,8080,AR,Argentina,anonymous,no,yes,19 seconds ago
103.28.121.58,3128,BD,Bangladesh,anonymous,no,yes,19 seconds ago
106.104.12.236,80,TW,Taiwan,anonymous,no,yes,19 seconds ago
142.93.4.1,3128,US,United States,anonymous,no,no,19 seconds ago
54.207.40.157,8080,BR,Brazil,anonymous,no,no,19 seconds ago
77.94.137.243,3128,SI,Slovenia,anonymous,no,no,19 seconds ago
94.177.247.230,8080,DE,Germany,anonymous,no,no,19 seconds ago
47.91.44.217,8000,US,United States,anonymous,no,no,19 seconds ago
159.138.22.112,80,HK,Hong Kong,anonymous,no,no,19 seconds ago
192.41.71.204,3128,US,United States,anonymous,no,yes,19 seconds ago
49.248.154.236,80,IN,India,anonymous,no,no,19 seconds ago
54.246.192.128,3128,IE,Ireland,transparent,no,no,19 seconds ago
191.240.152.130,80,BR,Brazil,anonymous,no,no,19 seconds ago
191.240.152.133,80,BR,Brazil,anonymous,no,no,19 seconds ago
157.245.15.86,8080,US,United States,anonymous,no,no,19 seconds ago
125.227.40.190,8080,TW,Taiwan,anonymous,no,yes,19 seconds ago
123.194.231.55,8197,TW,Taiwan,anonymous,no,no,19 seconds ago
70.37.79.42,8080,US,United States,anonymous,no,no,19 seconds ago
46.197.209.217,3128,TR,Turkey,anonymous,no,yes,19 seconds ago
63.134.172.12,80,US,United States,anonymous,no,no,19 seconds ago
12.139.101.97,80,US,United States,anonymous,no,no,19 seconds ago
134.35.209.239,8080,YE,Yemen,transparent,no,no,19 seconds ago
193.150.117.5,8000,RU,Russian Federation,transparent,no,no,19 seconds ago
165.227.43.144,80,CA,Canada,anonymous,no,no,19 seconds ago
192.99.244.148,8080,CA,Canada,anonymous,no,no,19 seconds ago
45.77.65.24,3128,DE,Germany,anonymous,no,no,19 seconds ago
60.251.33.224,80,TW,Taiwan,anonymous,no,no,19 seconds ago
203.143.28.41,8080,LK,Sri Lanka,transparent,no,no,19 seconds ago
66.97.44.61,80,AR,Argentina,anonymous,no,no,19 seconds ago
85.147.153.34,80,NL,Netherlands,anonymous,no,no,19 seconds ago
12.139.101.100,80,US,United States,anonymous,no,no,19 seconds ago
191.240.152.131,80,BR,Brazil,anonymous,no,no,19 seconds ago
101.78.22.30,8080,MY,Malaysia,transparent,no,no,19 seconds ago
168.205.92.131,8080,AR,Argentina,anonymous,no,no,19 seconds ago
191.240.152.132,80,BR,Brazil,anonymous,no,no,19 seconds ago
103.78.75.165,8080,ID,Indonesia,anonymous,no,no,19 seconds ago
103.134.213.54,8080,ID,Indonesia,transparent,no,no,19 seconds ago
103.133.204.121,8080,BD,Bangladesh,anonymous,no,yes,19 seconds ago
60.251.33.225,80,TW,Taiwan,anonymous,no,no,19 seconds ago
185.117.10.115,8080,IQ,Iraq,anonymous,no,yes,19 seconds ago
201.55.164.229,3128,BR,Brazil,anonymous,no,yes,19 seconds ago
203.19.88.51,80,AU,Australia,anonymous,no,no,19 seconds ago
101.108.144.54,8213,TH,Thailand,anonymous,no,no,19 seconds ago
113.53.230.167,80,TH,Thailand,anonymous,no,no,19 seconds ago
203.202.245.62,80,BD,Bangladesh,anonymous,no,no,19 seconds ago
165.227.19.100,8080,US,United States,anonymous,no,no,19 seconds ago
37.120.192.154,8080,NL,Netherlands,anonymous,no,no,19 seconds ago
52.179.231.206,80,US,United States,anonymous,no,no,19 seconds ago
150.109.32.166,80,HK,Hong Kong,anonymous,no,no,19 seconds ago
51.158.111.242,8811,FR,France,anonymous,no,yes,19 seconds ago
66.119.99.22,80,US,United States,anonymous,no,no,19 seconds ago
103.133.223.116,8080,ID,Indonesia,anonymous,no,yes,19 seconds ago
203.19.92.3,80,AU,Australia,anonymous,no,no,19 seconds ago
51.158.119.88,8811,FR,France,anonymous,no,yes,19 seconds ago
165.227.43.101,3128,CA,Canada,anonymous,no,no,19 seconds ago
190.103.178.15,8080,US,United States,anonymous,no,no,19 seconds ago
191.240.152.129,80,BR,Brazil,anonymous,no,no,19 seconds ago
118.69.50.154,443,VN,Vietnam,anonymous,no,no,19 seconds ago
167.86.92.107,3128,DE,Germany,anonymous,no,no,19 seconds ago
191.240.152.134,80,BR,Brazil,anonymous,no,no,19 seconds ago
139.162.176.75,8080,DE,Germany,anonymous,no,no,19 seconds ago
161.117.187.110,8888,SG,Singapore,anonymous,no,no,19 seconds ago
54.210.150.116,8080,US,United States,anonymous,no,no,19 seconds ago
165.227.183.55,8080,US,United States,anonymous,no,no,19 seconds ago
125.16.18.182,80,IN,India,anonymous,no,no,19 seconds ago
45.64.99.26,8080,ID,Indonesia,anonymous,no,yes,19 seconds ago
203.19.88.59,80,AU,Australia,anonymous,no,no,19 seconds ago
173.249.24.52,3128,DE,Germany,anonymous,no,no,19 seconds ago
80.187.140.26,8080,DE,Germany,anonymous,no,yes,19 seconds ago
103.215.177.163,8888,ID,Indonesia,anonymous,no,yes,19 seconds ago
103.4.112.18,80,HK,Hong Kong,anonymous,no,no,19 seconds ago
191.252.100.178,80,BR,Brazil,anonymous,no,no,19 seconds ago
54.233.177.80,8080,BR,Brazil,anonymous,no,no,19 seconds ago
167.86.126.167,3128,DE,Germany,anonymous,no,no,19 seconds ago
78.38.115.212,61461,IR,Iran,anonymous,no,no,19 seconds ago
47.244.126.160,8081,HK,Hong Kong,anonymous,no,yes,19 seconds ago
191.240.152.135,80,BR,Brazil,anonymous,no,no,19 seconds ago
203.202.245.58,80,BD,Bangladesh,anonymous,no,no,19 seconds ago
190.103.178.14,8080,US,United States,anonymous,no,no,19 seconds ago
118.193.34.56,8080,HK,Hong Kong,anonymous,no,no,19 seconds ago
49.248.154.237,80,IN,India,anonymous,no,no,19 seconds ago
95.179.251.135,8080,NL,Netherlands,anonymous,no,no,19 seconds ago
122.217.227.42,8080,JP,Japan,anonymous,no,yes,19 seconds ago
147.78.163.38,8080,AL,Albania,anonymous,no,no,19 seconds ago
34.80.81.147,3128,--,Unknown,anonymous,no,no,19 seconds ago
81.144.138.35,3128,GB,United Kingdom,anonymous,no,yes,19 seconds ago
68.183.208.248,80,DE,Germany,anonymous,no,no,19 seconds ago
47.91.217.100,80,HK,Hong Kong,anonymous,no,no,19 seconds ago
95.104.54.227,42119,GE,Georgia,elite proxy,no,no,20 seconds ago
81.217.151.218,36215,AT,Austria,elite proxy,no,no,20 seconds ago
192.144.107.249,8080,BR,Brazil,elite proxy,no,no,20 seconds ago
163.172.135.104,80,GB,United Kingdom,elite proxy,no,no,20 seconds ago
80.25.87.49,47478,ES,Spain,elite proxy,no,no,20 seconds ago
177.91.111.233,8080,BR,Brazil,elite proxy,no,no,20 seconds ago
102.134.164.17,36619,BW,Botswana,elite proxy,no,no,20 seconds ago
170.246.85.9,50991,EC,Ecuador,elite proxy,no,no,20 seconds ago
128.0.179.234,41258,CZ,Czech Republic,elite proxy,no,no,20 seconds ago
138.219.147.197,53281,BR,Brazil,elite proxy,no,no,20 seconds ago
103.142.68.253,80,BD,Bangladesh,elite proxy,no,no,20 seconds ago
103.77.60.22,55443,BD,Bangladesh,elite proxy,no,no,20 seconds ago
187.44.160.234,50588,BR,Brazil,elite proxy,no,no,20 seconds ago
41.190.33.162,8080,ZW,Zimbabwe,elite proxy,no,no,20 seconds ago
94.205.140.158,34561,AE,United Arab Emirates,elite proxy,no,no,20 seconds ago
103.115.116.17,31162,BD,Bangladesh,elite proxy,no,no,20 seconds ago
178.20.137.178,43980,CZ,Czech Republic,elite proxy,no,yes,20 seconds ago
94.230.156.143,55167,CZ,Czech Republic,elite proxy,no,yes,20 seconds ago
85.237.46.168,54109,RU,Russian Federation,elite proxy,no,yes,10 minutes ago
95.179.212.112,80,FR,France,anonymous,no,no,10 minutes ago
208.98.186.80,53630,US,United States,elite proxy,no,no,10 minutes ago
213.142.206.146,53281,RU,Russian Federation,elite proxy,no,no,10 minutes ago
87.255.28.153,8080,RU,Russian Federation,elite proxy,no,no,10 minutes ago
202.51.68.14,53772,NP,Nepal,elite proxy,no,yes,10 minutes ago
109.110.73.106,32479,UA,Ukraine,elite proxy,no,yes,10 minutes ago
45.229.193.109,8080,CO,Colombia,anonymous,no,yes,10 minutes ago
103.212.92.209,40067,IN,India,elite proxy,no,yes,10 minutes ago
78.38.136.205,8080,IR,Iran,anonymous,no,no,10 minutes ago
95.179.222.224,3128,FR,France,elite proxy,no,no,10 minutes ago
66.172.118.82,8080,US,United States,elite proxy,no,yes,10 minutes ago
94.127.144.179,57583,RU,Russian Federation,elite proxy,no,no,10 minutes ago
177.67.219.1,61416,BR,Brazil,elite proxy,no,no,10 minutes ago
113.160.248.254,3128,VN,Vietnam,elite proxy,no,yes,10 minutes ago
167.99.0.84,80,US,United States,anonymous,no,no,10 minutes ago
91.226.212.133,1182,UA,Ukraine,elite proxy,no,no,10 minutes ago
78.108.66.26,3128,RU,Russian Federation,elite proxy,no,no,10 minutes ago
176.106.186.99,33168,SK,Slovakia,elite proxy,no,no,10 minutes ago
182.160.117.130,53281,BD,Bangladesh,elite proxy,no,yes,10 minutes ago
13.82.93.209,8080,US,United States,elite proxy,no,no,10 minutes ago
103.194.192.29,31937,IN,India,elite proxy,no,no,10 minutes ago
1.20.169.109,48444,TH,Thailand,elite proxy,no,no,10 minutes ago
170.80.64.94,51706,BR,Brazil,elite proxy,no,no,10 minutes ago
14.207.97.71,8213,TH,Thailand,anonymous,no,no,10 minutes ago
118.172.201.59,39931,TH,Thailand,elite proxy,no,yes,10 minutes ago
182.52.51.59,38238,TH,Thailand,elite proxy,no,no,10 minutes ago
183.89.155.159,8213,TH,Thailand,anonymous,no,yes,10 minutes ago
103.255.53.98,47882,ID,Indonesia,elite proxy,no,no,10 minutes ago
157.245.63.182,8118,SG,Singapore,anonymous,no,yes,10 minutes ago
91.203.114.74,48058,UA,Ukraine,elite proxy,no,no,10 minutes ago
208.163.39.218,53281,JM,Jamaica,elite proxy,no,yes,10 minutes ago
182.253.115.66,57733,ID,Indonesia,elite proxy,no,no,10 minutes ago
195.138.82.198,40301,UA,Ukraine,elite proxy,no,yes,10 minutes ago
35.241.91.149,8080,--,Unknown,elite proxy,no,no,10 minutes ago
144.91.116.171,443,DE,Germany,anonymous,no,no,10 minutes ago
213.6.226.202,55732,PS,Palestinian Territory,elite proxy,no,no,10 minutes ago
103.250.156.22,30093,IN,India,elite proxy,no,no,10 minutes ago
176.105.255.33,3128,NL,Netherlands,elite proxy,no,no,10 minutes ago
89.248.244.182,8080,CZ,Czech Republic,elite proxy,no,no,10 minutes ago
3.22.155.101,8080,US,United States,anonymous,no,no,10 minutes ago
52.69.132.45,8080,JP,Japan,anonymous,no,no,10 minutes ago
103.21.42.58,23500,BD,Bangladesh,elite proxy,no,no,10 minutes ago
87.247.19.126,56846,KZ,Kazakhstan,elite proxy,no,yes,10 minutes ago
42.115.88.71,62225,KH,Cambodia,elite proxy,no,no,10 minutes ago
61.8.79.68,31859,ID,Indonesia,elite proxy,no,yes,10 minutes ago
196.22.221.97,30427,ZA,South Africa,elite proxy,no,no,10 minutes ago
104.148.76.160,3128,US,United States,elite proxy,no,no,10 minutes ago
61.238.21.177,80,HK,Hong Kong,anonymous,no,no,10 minutes ago
170.238.252.162,50882,MX,Mexico,elite proxy,no,yes,10 minutes ago
47.56.5.74,80,US,United States,anonymous,no,no,10 minutes ago
151.233.151.9,8080,IR,Iran,anonymous,no,no,10 minutes ago
81.200.63.108,60579,CZ,Czech Republic,elite proxy,no,no,10 minutes ago
200.199.114.226,33932,BR,Brazil,elite proxy,no,no,10 minutes ago
1.20.99.44,32119,TH,Thailand,elite proxy,no,no,12 minutes ago
180.250.153.129,53281,ID,Indonesia,elite proxy,no,yes,12 minutes ago
190.152.223.2,37994,EC,Ecuador,elite proxy,no,no,12 minutes ago
41.169.151.90,46799,ZA,South Africa,elite proxy,no,no,12 minutes ago
103.102.13.97,8080,ID,Indonesia,elite proxy,no,yes,12 minutes ago
103.75.34.121,61577,IN,India,elite proxy,no,no,12 minutes ago
158.58.133.106,41258,RU,Russian Federation,elite proxy,no,yes,12 minutes ago
163.53.209.8,6666,IN,India,elite proxy,no,yes,12 minutes ago
109.199.133.161,23500,BG,Bulgaria,elite proxy,no,yes,12 minutes ago
103.21.163.86,35101,IN,India,elite proxy,no,yes,12 minutes ago
92.52.186.123,32329,UA,Ukraine,elite proxy,no,yes,12 minutes ago
46.165.49.41,52967,RU,Russian Federation,elite proxy,no,no,12 minutes ago
178.128.5.220,80,US,United States,transparent,no,no,12 minutes ago
103.83.116.90,55443,ID,Indonesia,elite proxy,no,yes,12 minutes ago
103.216.82.28,6666,IN,India,elite proxy,no,yes,12 minutes ago
93.91.112.247,41258,RU,Russian Federation,elite proxy,no,yes,12 minutes ago
186.159.2.241,43459,CO,Colombia,elite proxy,no,no,12 minutes ago
43.252.18.140,54561,KH,Cambodia,elite proxy,no,yes,12 minutes ago
103.83.116.226,55443,ID,Indonesia,elite proxy,no,no,12 minutes ago
110.74.208.154,21776,KH,Cambodia,elite proxy,no,yes,12 minutes ago
195.69.218.198,42125,RU,Russian Federation,elite proxy,no,yes,12 minutes ago
125.27.251.249,50890,TH,Thailand,elite proxy,no,no,12 minutes ago
46.232.132.249,53769,PL,Poland,elite proxy,no,no,12 minutes ago
40.76.59.221,80,US,United States,transparent,no,no,12 minutes ago
176.108.47.38,3128,RS,Serbia,transparent,no,no,12 minutes ago
91.106.86.212,8080,IR,Iran,elite proxy,no,yes,12 minutes ago
46.149.80.207,52388,UA,Ukraine,elite proxy,no,no,12 minutes ago
179.189.225.58,41881,BR,Brazil,elite proxy,no,no,12 minutes ago
77.242.16.26,53281,AL,Albania,elite proxy,no,no,12 minutes ago
89.218.5.106,58129,KZ,Kazakhstan,elite proxy,no,no,12 minutes ago
132.255.92.35,53281,BR,Brazil,elite proxy,no,yes,12 minutes ago
197.159.0.214,60051,CM,Cameroon,elite proxy,no,yes,12 minutes ago
190.152.0.130,55870,EC,Ecuador,elite proxy,no,no,12 minutes ago
202.62.67.209,53281,IN,India,elite proxy,no,no,12 minutes ago
124.41.211.186,43523,NP,Nepal,elite proxy,no,no,12 minutes ago
46.235.53.26,3128,RU,Russian Federation,anonymous,no,no,12 minutes ago
78.38.116.140,8080,IR,Iran,transparent,no,no,15 minutes ago
180.87.226.210,83,IN,India,transparent,no,no,16 minutes ago
200.69.83.50,9991,CO,Colombia,transparent,no,no,16 minutes ago
178.217.91.137,53281,BG,Bulgaria,transparent,no,no,16 minutes ago
104.211.157.219,80,IN,India,elite proxy,no,no,21 minutes ago
81.16.10.141,30603,AM,Armenia,elite proxy,no,yes,21 minutes ago
61.247.54.90,8080,ID,Indonesia,elite proxy,no,yes,21 minutes ago
36.89.10.51,34115,ID,Indonesia,elite proxy,no,no,21 minutes ago
187.115.76.17,32589,BR,Brazil,elite proxy,no,yes,21 minutes ago
118.69.56.68,55184,VN,Vietnam,elite proxy,no,no,21 minutes ago
5.23.102.194,52803,RU,Russian Federation,elite proxy,no,no,21 minutes ago
213.6.101.174,23500,PS,Palestinian Territory,elite proxy,no,yes,21 minutes ago
80.87.184.49,41258,CZ,Czech Republic,elite proxy,no,no,21 minutes ago
103.50.154.4,57677,IN,India,elite proxy,no,yes,21 minutes ago
105.247.171.202,8080,ZA,South Africa,elite proxy,no,yes,21 minutes ago
186.159.3.41,30334,CO,Colombia,elite proxy,no,yes,21 minutes ago
1.20.101.145,48026,TH,Thailand,elite proxy,no,yes,21 minutes ago
89.42.133.58,8080,RO,Romania,elite proxy,no,no,21 minutes ago
191.252.200.176,80,BR,Brazil,anonymous,no,yes,21 minutes ago
142.44.148.56,8080,CA,Canada,elite proxy,no,yes,21 minutes ago
46.246.26.15,3128,SE,Sweden,transparent,no,no,21 minutes ago
183.89.115.71,8080,TH,Thailand,transparent,no,no,21 minutes ago
103.122.99.142,8080,ID,Indonesia,transparent,no,no,21 minutes ago
128.199.180.152,8080,SG,Singapore,transparent,no,no,21 minutes ago
177.41.11.181,8080,BR,Brazil,transparent,no,no,21 minutes ago
46.4.96.137,3128,DE,Germany,anonymous,no,no,21 minutes ago
200.33.152.207,45226,BR,Brazil,elite proxy,no,no,21 minutes ago
95.61.201.61,8080,ES,Spain,transparent,no,no,21 minutes ago
46.4.96.87,80,DE,Germany,anonymous,no,no,21 minutes ago
85.10.219.103,1080,DE,Germany,elite proxy,no,no,21 minutes ago
138.121.32.133,23492,BR,Brazil,elite proxy,no,no,21 minutes ago
5.160.150.35,8080,IR,Iran,transparent,no,no,21 minutes ago
136.243.92.25,1080,DE,Germany,elite proxy,no,yes,21 minutes ago
144.76.214.157,1080,DE,Germany,elite proxy,no,yes,21 minutes ago
190.109.167.9,57608,CO,Colombia,elite proxy,no,no,21 minutes ago
180.247.196.88,8080,ID,Indonesia,transparent,no,no,21 minutes ago
185.26.33.247,8080,IR,Iran,transparent,no,no,21 minutes ago
144.76.214.155,1080,DE,Germany,elite proxy,no,yes,21 minutes ago
177.202.43.110,34257,BR,Brazil,elite proxy,no,no,21 minutes ago
181.196.145.106,50899,EC,Ecuador,elite proxy,no,no,21 minutes ago
154.16.202.22,8080,DE,Germany,anonymous,no,no,21 minutes ago
85.10.219.99,1080,DE,Germany,elite proxy,no,no,21 minutes ago
110.77.238.168,8080,TH,Thailand,transparent,no,no,21 minutes ago
74.15.191.160,41564,CA,Canada,elite proxy,no,no,21 minutes ago
85.10.219.102,1080,DE,Germany,elite proxy,no,yes,21 minutes ago
88.99.10.255,1080,DE,Germany,elite proxy,no,no,21 minutes ago
35.200.179.207,8118,--,Unknown,elite proxy,no,no,21 minutes ago
181.196.205.250,59430,EC,Ecuador,elite proxy,no,yes,21 minutes ago
85.10.219.101,1080,DE,Germany,elite proxy,no,yes,21 minutes ago
177.36.188.131,8080,BR,Brazil,transparent,no,no,21 minutes ago
176.9.75.42,8080,DE,Germany,anonymous,no,no,21 minutes ago
190.107.20.206,37191,CO,Colombia,elite proxy,no,yes,21 minutes ago
5.160.150.13,8080,IR,Iran,transparent,no,no,21 minutes ago
37.32.46.172,8080,IR,Iran,transparent,no,no,21 minutes ago
91.187.113.205,53281,AL,Albania,elite proxy,no,no,21 minutes ago
179.205.140.25,8080,BR,Brazil,elite proxy,no,no,21 minutes ago
200.255.122.170,8080,BR,Brazil,anonymous,no,yes,21 minutes ago
177.200.94.222,8080,BR,Brazil,transparent,no,no,21 minutes ago
85.10.219.98,1080,DE,Germany,elite proxy,no,no,21 minutes ago
190.15.195.25,50121,AR,Argentina,elite proxy,no,no,21 minutes ago
5.189.131.94,80,DE,Germany,elite proxy,no,no,21 minutes ago
165.22.223.234,1080,IN,India,transparent,no,no,21 minutes ago
161.35.70.249,8080,DE,Germany,anonymous,no,no,21 minutes ago
192.199.53.131,51650,CA,Canada,elite proxy,no,no,21 minutes ago
125.161.38.227,8080,ID,Indonesia,transparent,no,no,21 minutes ago
183.88.7.117,8080,TH,Thailand,transparent,no,no,21 minutes ago
36.72.243.192,80,ID,Indonesia,transparent,no,no,21 minutes ago
49.48.55.245,8080,TH,Thailand,transparent,no,no,21 minutes ago
177.46.148.142,3128,BR,Brazil,anonymous,no,no,21 minutes ago
103.220.207.242,32227,BD,Bangladesh,elite proxy,no,no,21 minutes ago
31.25.178.129,8080,ES,Spain,transparent,no,no,21 minutes ago
138.197.157.32,8080,CA,Canada,anonymous,no,no,21 minutes ago
45.175.182.15,8080,BR,Brazil,transparent,no,no,21 minutes ago
187.108.51.213,8080,BR,Brazil,transparent,no,no,21 minutes ago
200.25.254.220,39417,CO,Colombia,elite proxy,no,yes,21 minutes ago
176.9.119.170,8080,DE,Germany,anonymous,no,no,21 minutes ago
109.121.207.165,48834,BG,Bulgaria,elite proxy,no,no,21 minutes ago
103.132.187.30,53281,BD,Bangladesh,elite proxy,no,yes,21 minutes ago
81.12.77.38,8080,IR,Iran,transparent,no,no,21 minutes ago
31.209.110.159,55166,CY,Cyprus,elite proxy,no,no,21 minutes ago
201.190.184.22,60692,AR,Argentina,elite proxy,no,no,21 minutes ago
103.250.68.10,8080,BD,Bangladesh,elite proxy,no,yes,21 minutes ago
85.10.219.96,1080,DE,Germany,elite proxy,no,yes,21 minutes ago
137.74.35.119,8080,FR,France,elite proxy,no,no,21 minutes ago
187.120.253.119,30181,BR,Brazil,elite proxy,no,no,21 minutes ago
159.8.114.37,8123,FR,France,elite proxy,no,no,21 minutes ago
46.4.96.67,80,DE,Germany,anonymous,no,no,21 minutes ago
158.69.60.89,8080,CA,Canada,anonymous,no,no,21 minutes ago
159.203.61.169,3128,CA,Canada,anonymous,no,no,21 minutes ago
170.82.253.146,53281,BR,Brazil,elite proxy,no,yes,21 minutes ago
88.99.10.249,1080,DE,Germany,elite proxy,no,yes,21 minutes ago
88.99.10.251,1080,DE,Germany,elite proxy,no,yes,21 minutes ago
144.76.214.159,1080,DE,Germany,elite proxy,no,yes,21 minutes ago
85.10.219.97,1080,DE,Germany,elite proxy,no,no,21 minutes ago
91.52.25.60,8080,DE,Germany,anonymous,no,yes,21 minutes ago
88.198.33.232,1080,DE,Germany,elite proxy,no,no,21 minutes ago
144.76.214.154,1080,DE,Germany,elite proxy,no,yes,21 minutes ago
103.89.235.85,82,IN,India,transparent,no,no,21 minutes ago
88.198.50.103,8080,DE,Germany,anonymous,no,no,21 minutes ago
181.143.79.154,48749,CO,Colombia,elite proxy,no,no,21 minutes ago
144.76.214.153,1080,DE,Germany,elite proxy,no,yes,21 minutes ago
186.42.97.58,56691,EC,Ecuador,elite proxy,no,no,21 minutes ago
158.140.169.92,80,ID,Indonesia,transparent,no,no,21 minutes ago
128.199.181.161,1080,SG,Singapore,transparent,no,no,21 minutes ago
